zone,country,point_id,lat,lon,surface
NO3,NO,no3_001,66.0909,4.5185,sea
NO3,NO,no3_002,66.0909,5.5556,sea
NO3,NO,no3_003,66.0909,6.5926,sea
NO3,NO,no3_004,65.6364,4.0,sea
NO3,NO,no3_005,65.6364,5.037,sea
NO3,NO,no3_006,65.6364,6.0741,sea
NO3,NO,no3_007,65.6364,7.1111,sea
NO3,NO,no3_008,65.6364,8.1481,sea
NO3,NO,no3_009,65.6364,9.1852,sea
NO3,NO,no3_010,65.1818,4.5185,sea
NO3,NO,no3_011,65.1818,5.5556,sea
NO3,NO,no3_012,65.1818,6.5926,sea
NO3,NO,no3_013,65.1818,7.6296,sea
NO3,NO,no3_014,65.1818,8.6667,sea
NO3,NO,no3_015,65.1818,9.7037,sea
NO3,NO,no3_016,65.1818,10.7407,sea
NO3,NO,no3_017,65.1818,11.7778,sea
NO3,NO,no3_018,64.7273,4.0,sea
NO3,NO,no3_019,64.7273,5.037,sea
NO3,NO,no3_020,64.7273,6.0741,sea
NO3,NO,no3_021,64.7273,7.1111,sea
NO3,NO,no3_022,64.7273,8.1481,sea
NO3,NO,no3_023,64.7273,9.1852,sea
NO3,NO,no3_024,64.7273,10.2222,sea
NO3,NO,no3_025,64.7273,11.2593,sea
NO3,NO,no3_026,64.7273,12.2963,land
NO3,NO,no3_027,64.2727,4.5185,sea
NO3,NO,no3_028,64.2727,5.5556,sea
NO3,NO,no3_029,64.2727,6.5926,sea
NO3,NO,no3_030,64.2727,7.6296,sea
NO3,NO,no3_031,64.2727,8.6667,sea
NO3,NO,no3_032,64.2727,9.7037,sea
NO3,NO,no3_033,64.2727,10.7407,land
NO3,NO,no3_034,64.2727,11.7778,land
NO3,NO,no3_035,64.2727,12.8148,land
NO3,NO,no3_036,63.8182,4.0,sea
NO3,NO,no3_037,63.8182,5.037,sea
NO3,NO,no3_038,63.8182,6.0741,sea
NO3,NO,no3_039,63.8182,7.1111,sea
NO3,NO,no3_040,63.8182,8.1481,sea
NO3,NO,no3_041,63.8182,9.1852,sea
NO3,NO,no3_042,63.8182,10.2222,land
NO3,NO,no3_043,63.8182,11.2593,sea
NO3,NO,no3_044,63.8182,12.2963,land
NO3,NO,no3_045,63.3636,4.5185,sea
NO3,NO,no3_046,63.3636,5.5556,sea
NO3,NO,no3_047,63.3636,6.5926,sea
NO3,NO,no3_048,63.3636,7.6296,sea
NO3,NO,no3_049,63.3636,8.6667,sea
NO3,NO,no3_050,63.3636,9.7037,land
NO3,NO,no3_051,63.3636,10.7407,land
NO3,NO,no3_052,63.3636,11.7778,land
NO3,NO,no3_053,62.9091,4.0,sea
NO3,NO,no3_054,62.9091,5.037,sea
NO3,NO,no3_055,62.9091,6.0741,sea
NO3,NO,no3_056,62.9091,7.1111,land
NO3,NO,no3_057,62.9091,8.1481,sea
NO3,NO,no3_058,62.9091,9.1852,land
NO3,NO,no3_059,62.9091,10.2222,land
NO3,NO,no3_060,62.9091,11.2593,land
NO3,NO,no3_061,62.4545,4.5185,sea
NO3,NO,no3_062,62.4545,5.5556,sea
NO3,NO,no3_063,62.4545,6.5926,land
NO3,NO,no3_064,62.4545,7.6296,land
NO3,NO,no3_065,62.4545,8.6667,land
NO3,NO,no3_066,62.4545,9.7037,land
NO3,NO,no3_067,62.0,4.0,sea
NO3,NO,no3_068,62.0,5.037,land
NO3,NO,no3_069,62.0,6.0741,land
NO3,NO,no3_070,62.0,7.1111,land
NO3,NO,no3_071,62.0,8.1481,land
NO3,NO,no3_072,62.0,9.1852,land
NO3,NO,no3_073,61.5455,4.5185,sea
NO3,NO,no3_074,61.5455,5.5556,land
NO3,NO,no3_075,61.5455,6.5926,land
NO3,NO,no3_076,61.5455,8.6667,land
NO3,NO,no3_077,61.0909,4.0,sea
NO3,NO,no3_078,61.0909,5.037,sea
