feature,correlation
ws_de01,0.8582
ws_de02,0.8435
ws_de03,0.8382
ws_de04,0.8367
ws_de05,0.8135
ws_de07,0.7979
ws_de06,0.7928
ws_de08,0.7732
ws_de10,0.7611
ws_de12,0.7485
ws_de09,0.7313
ws_de11,0.7307
ws_de13,0.6871
ws_de14,0.6422
ws_de15,0.6324
ws_de17,0.6196
ws_de16,0.6049
ws_de19,0.5721
ws_de18,0.5658
month_cos,0.3897
ws_de20,0.368
t_ws_de18,-0.3069
t_ws_de14,-0.3041
t_ws_de17,-0.299
t_ws_de16,-0.2902
t_ws_de13,-0.2888
t_ws_de20,-0.2822
t_ws_de19,-0.2755
t_ws_de10,-0.2651
t_ws_de08,-0.264
t_ws_de12,-0.2569
t_ws_de11,-0.2559
t_ws_de15,-0.2527
t_ws_de04,-0.2518
t_ws_de06,-0.2498
t_ws_de03,-0.2478
t_ws_de05,-0.2419
t_ws_de07,-0.2373
t_ws_de01,-0.2354
t_ws_de02,-0.2197
t_ws_de09,-0.2176
month_sin,0.0855
hour_cos,0.0844
is_weekend,-0.0167
is_holiday,0.0166
dow_cos,-0.0077
hour_sin,-0.0068
day_of_week,-0.0059
month,-0.0039
dow_sin,-0.0018
hour,0.0001
